Roll_No,Total_Enrolled,Total_Released,Total_Present,Total_Absent,Rows,Bad_Rows,Effective_Enrolled,Attendance_Percent,Proxy_Soft_Outlier,Proxy_Row_Score,Proxy_Row_Incidents,Proxy_Row_Reasons_Collected,Proxy_Risk_Score,Proxy_Reasons
1,172,0,153,19,1,0,172,88.95348837209302,FALSE,0,0,[],0,None
2,171,0,154,17,1,0,171,90.05847953216374,FALSE,0,0,[],0,None
3,172,0,158,14,1,0,172,91.86046511627907,FALSE,0,0,[],0,None
4,173,0,166,7,1,0,173,95.95375722543352,FALSE,0,0,[],0,None
5,173,0,164,9,1,0,173,94.79768786127168,FALSE,0,0,[],0,None
6,173,0,162,11,1,0,173,93.64161849710983,FALSE,0,0,[],0,None
7,173,0,163,10,1,0,173,94.21965317919076,FALSE,0,0,[],0,None
8,174,0,167,7,1,0,174,95.97701149425288,FALSE,0,0,[],0,None
9,174,0,167,7,1,0,174,95.97701149425288,FALSE,0,0,[],0,None
10,174,0,166,8,1,0,174,95.40229885057471,FALSE,0,0,[],0,None
11,174,0,161,13,1,0,174,92.52873563218391,FALSE,0,0,[],0,None
12,174,0,165,9,1,0,174,94.82758620689656,FALSE,0,0,[],0,None
13,174,0,168,6,1,0,174,96.55172413793103,FALSE,0,0,[],0,None
14,173,0,166,7,1,0,173,95.95375722543352,FALSE,0,0,[],0,None
15,173,0,158,15,1,0,173,91.32947976878613,FALSE,0,0,[],0,None
16,172,0,168,4,1,0,172,97.67441860465117,FALSE,0,0,[],0,None
17,172,0,165,7,1,0,172,95.93023255813954,FALSE,0,0,[],0,None
18,171,0,163,8,1,0,171,95.32163742690058,FALSE,0,0,[],0,None
19,171,0,161,10,1,0,171,94.15204678362574,FALSE,0,0,[],0,None
20,170,0,162,8,1,0,170,95.29411764705883,FALSE,0,0,[],0,None
21,170,0,156,14,1,0,170,91.76470588235294,FALSE,0,0,[],0,None
22,170,0,159,11,1,0,170,93.52941176470588,FALSE,0,0,[],0,None
23,170,0,161,9,1,0,170,94.70588235294117,FALSE,0,0,[],0,None
24,170,0,159,11,1,0,170,93.52941176470588,FALSE,0,0,[],0,None
25,170,0,159,11,1,0,170,93.52941176470588,FALSE,0,0,[],0,None
26,170,0,164,6,1,0,170,96.47058823529412,FALSE,0,0,[],0,None
27,170,0,165,5,1,0,170,97.05882352941177,FALSE,0,0,[],0,None
28,170,0,162,8,1,0,170,95.29411764705883,FALSE,0,0,[],0,None
29,170,0,156,14,1,0,170,91.76470588235294,FALSE,0,0,[],0,None
30,170,0,150,20,1,0,170,88.23529411764706,FALSE,0,0,[],0,None
31,171,0,166,5,1,0,171,97.07602339181287,FALSE,0,0,[],0,None
32,171,0,162,9,1,0,171,94.73684210526316,FALSE,0,0,[],0,None
33,171,0,165,6,1,0,171,96.49122807017544,FALSE,0,0,[],0,None
34,171,0,161,10,1,0,171,94.15204678362574,FALSE,0,0,[],0,None
35,174,0,163,11,1,0,174,93.67816091954023,FALSE,0,0,[],0,None
36,174,0,168,6,1,0,174,96.55172413793103,FALSE,0,0,[],0,None
37,174,0,161,13,1,0,174,92.52873563218391,FALSE,0,0,[],0,None
38,174,0,166,8,1,0,174,95.40229885057471,FALSE,0,0,[],0,None
39,174,0,157,17,1,0,174,90.22988505747126,FALSE,0,0,[],0,None
40,174,0,167,7,1,0,174,95.97701149425288,FALSE,0,0,[],0,None
41,174,0,164,10,1,0,174,94.25287356321839,FALSE,0,0,[],0,None
42,174,0,161,13,1,0,174,92.52873563218391,FALSE,0,0,[],0,None
43,174,0,163,11,1,0,174,93.67816091954023,FALSE,0,0,[],0,None
44,174,0,160,14,1,0,174,91.95402298850574,FALSE,0,0,[],0,None
45,174,0,167,7,1,0,174,95.97701149425288,FALSE,0,0,[],0,None
46,174,0,125,49,1,0,174,71.83908045977012,FALSE,0,0,[],0,None
47,174,0,152,22,1,0,174,87.35632183908046,FALSE,0,0,[],0,None
48,174,0,161,13,1,0,174,92.52873563218391,FALSE,0,0,[],0,None
49,172,0,161,11,1,0,172,93.60465116,FALSE,0,0,[],0,None
50,172,0,143,29,1,0,172,83.13953488372093,FALSE,0,0,[],0,None
51,172,0,155,17,1,0,172,90.11627906976744,FALSE,0,0,[],0,None
52,173,0,163,10,1,0,173,94.21965317919076,FALSE,0,0,[],0,None
53,173,0,158,15,1,0,173,91.32947976878613,FALSE,0,0,[],0,None
54,173,0,160,13,1,0,173,92.48554913294798,FALSE,0,0,[],0,None
55,173,0,166,7,1,0,173,95.95375722543352,FALSE,0,0,[],0,None
56,173,0,160,13,1,0,173,92.48554913294798,FALSE,0,0,[],0,None
57,173,0,164,9,1,0,173,94.79768786127168,FALSE,0,0,[],0,None
58,173,0,166,7,1,0,173,95.95375722543352,FALSE,0,0,[],0,None
59,173,0,169,4,1,0,173,97.68786127,FALSE,0,0,[],0,None
60,173,0,164,9,1,0,173,94.79768786127168,FALSE,0,0,[],0,None
61,173,0,161,12,1,0,173,93.06358382,FALSE,0,0,[],0,None
62,173,0,161,12,1,0,173,93.06358382,FALSE,0,0,[],0,None
63,173,0,166,7,1,0,173,95.95375722543352,FALSE,0,0,[],0,None
64,173,0,168,5,1,0,173,97.10982658959537,FALSE,0,0,[],0,None
65,176,0,170,6,1,0,176,96.59090909,FALSE,0,0,[],0,None
66,174,0,158,16,1,0,174,90.80459770114942,FALSE,0,0,[],0,None
67,174,0,163,11,1,0,174,93.67816091954023,FALSE,0,0,[],0,None
68,175,0,152,23,1,0,175,86.85714285714286,FALSE,0,0,[],0,None
69,175,0,151,24,1,0,175,86.28571428571429,FALSE,0,0,[],0,None
70,175,0,135,40,1,0,175,77.14285714285714,FALSE,0,0,[],0,None
71,176,0,145,31,1,0,176,82.38636363636364,FALSE,0,0,[],0,None
72,176,0,155,21,1,0,176,88.06818181818181,FALSE,0,0,[],0,None
73,176,0,161,15,1,0,176,91.47727272727273,FALSE,0,0,[],0,None
74,174,0,164,10,1,0,174,94.25287356321839,FALSE,0,0,[],0,None
75,174,0,161,13,1,0,174,92.52873563218391,FALSE,0,0,[],0,None
76,174,0,163,11,1,0,174,93.67816091954023,FALSE,0,0,[],0,None
77,175,0,169,6,1,0,175,96.57142857142857,FALSE,0,0,[],0,None
78,174,0,168,6,1,0,174,96.55172413793103,FALSE,0,0,[],0,None
79,174,0,160,14,1,0,174,91.95402298850574,FALSE,0,0,[],0,None
80,174,0,161,13,1,0,174,92.52873563218391,FALSE,0,0,[],0,None
81,174,0,167,7,1,0,174,95.97701149425288,FALSE,0,0,[],0,None
82,174,0,162,12,1,0,174,93.10344827586206,FALSE,0,0,[],0,None
83,174,0,159,15,1,0,174,91.37931034482759,FALSE,0,0,[],0,None
84,173,0,150,23,1,0,173,86.70520231213872,FALSE,0,0,[],0,None
85,173,0,154,19,1,0,173,89.01734104046243,FALSE,0,0,[],0,None
86,173,0,155,18,1,0,173,89.59537572254335,FALSE,0,0,[],0,None
87,173,0,158,15,1,0,173,91.32947976878613,FALSE,0,0,[],0,None
88,175,0,165,10,1,0,175,94.28571428571429,FALSE,0,0,[],0,None
89,174,0,167,7,1,0,174,95.97701149425288,FALSE,0,0,[],0,None
90,174,0,157,17,1,0,174,90.22988505747126,FALSE,0,0,[],0,None
91,174,11,111,52,1,0,163,68.09815950920246,FALSE,0,0,[],0,None
92,175,0,154,21,1,0,175,88,FALSE,0,0,[],0,None
93,175,0,153,22,1,0,175,87.42857142857143,FALSE,0,0,[],0,None
94,175,0,151,24,1,0,175,86.28571428571429,FALSE,0,0,[],0,None
95,175,0,153,22,1,0,175,87.42857142857143,FALSE,0,0,[],0,None
96,175,0,137,38,1,0,175,78.28571428571429,FALSE,0,0,[],0,None
97,175,0,154,21,1,0,175,88,FALSE,0,0,[],0,None
98,175,0,148,27,1,0,175,84.57142857142857,FALSE,0,0,[],0,None
99,175,0,164,11,1,0,175,93.71428571428571,FALSE,0,0,[],0,None
100,175,0,172,3,1,0,175,98.28571428571429,FALSE,0,0,[],0,None
101,174,0,161,13,1,0,174,92.52873563218391,FALSE,0,0,[],0,None
102,174,0,156,18,1,0,174,89.65517241379311,FALSE,0,0,[],0,None
103,174,0,165,9,1,0,174,94.82758620689656,FALSE,0,0,[],0,None
104,174,0,162,12,1,0,174,93.10344827586206,FALSE,0,0,[],0,None
105,174,0,167,7,1,0,174,95.97701149425288,FALSE,0,0,[],0,None
106,174,0,158,16,1,0,174,90.80459770114942,FALSE,0,0,[],0,None
107,174,0,167,7,1,0,174,95.97701149425288,FALSE,0,0,[],0,None
108,174,0,165,9,1,0,174,94.82758620689656,FALSE,0,0,[],0,None
109,175,0,163,12,1,0,175,93.14285714285714,FALSE,0,0,[],0,None
110,175,0,165,10,1,0,175,94.28571428571429,FALSE,0,0,[],0,None
111,175,0,157,18,1,0,175,89.71428571428571,FALSE,0,0,[],0,None
112,175,0,166,9,1,0,175,94.85714285714286,FALSE,0,0,[],0,None
113,175,0,166,9,1,0,175,94.85714285714286,FALSE,0,0,[],0,None
114,175,0,139,36,1,0,175,79.42857142857143,FALSE,0,0,[],0,None
115,175,0,163,12,1,0,175,93.14285714285714,FALSE,0,0,[],0,None
116,175,0,164,11,1,0,175,93.71428571428571,FALSE,0,0,[],0,None
117,175,0,166,9,1,0,175,94.85714285714286,FALSE,0,0,[],0,None
118,175,0,165,10,1,0,175,94.28571428571429,FALSE,0,0,[],0,None
119,175,0,162,13,1,0,175,92.57142857142857,FALSE,0,0,[],0,None
120,175,0,156,19,1,0,175,89.14285714285714,FALSE,0,0,[],0,None
121,175,0,164,11,1,0,175,93.71428571428571,FALSE,0,0,[],0,None
122,175,0,165,10,1,0,175,94.28571428571429,FALSE,0,0,[],0,None
123,177,0,165,12,1,0,177,93.22033898305085,FALSE,0,0,[],0,None
124,177,0,168,9,1,0,177,94.91525423728814,FALSE,0,0,[],0,None
125,177,0,166,11,1,0,177,93.78531073446328,FALSE,0,0,[],0,None
126,175,0,157,18,1,0,175,89.71428571428571,FALSE,0,0,[],0,None
127,175,0,167,8,1,0,175,95.42857142857143,FALSE,0,0,[],0,None
128,175,0,165,10,1,0,175,94.28571428571429,FALSE,0,0,[],0,None
129,175,0,164,11,1,0,175,93.71428571428571,FALSE,0,0,[],0,None
130,175,0,165,10,1,0,175,94.28571428571429,FALSE,0,0,[],0,None
131,173,0,166,7,1,0,173,95.95375722543352,FALSE,0,0,[],0,None
132,173,0,165,8,1,0,173,95.37572254,FALSE,0,0,[],0,None
133,173,0,165,8,1,0,173,95.37572254,FALSE,0,0,[],0,None
134,173,0,165,8,1,0,173,95.37572254,FALSE,0,0,[],0,None
135,173,0,157,16,1,0,173,90.75144509,FALSE,0,0,[],0,None
136,173,0,167,6,1,0,173,96.53179190751445,FALSE,0,0,[],0,None
137,174,0,169,5,1,0,174,97.12643678,FALSE,0,0,[],0,None
138,174,0,168,6,1,0,174,96.55172413793103,FALSE,0,0,[],0,None
139,173,0,160,13,1,0,173,92.48554913294798,FALSE,0,0,[],0,None
140,173,0,153,20,1,0,173,88.43930636,FALSE,0,0,[],0,None
141,173,0,166,7,1,0,173,95.95375722543352,FALSE,0,0,[],0,None
142,173,0,169,4,1,0,173,97.68786127,FALSE,0,0,[],0,None
143,173,0,169,4,1,0,173,97.68786127,FALSE,0,0,[],0,None
144,175,0,169,6,1,0,175,96.57142857142857,FALSE,0,0,[],0,None
145,175,0,164,11,1,0,175,93.71428571428571,FALSE,0,0,[],0,None
146,174,0,164,10,1,0,174,94.25287356321839,FALSE,0,0,[],0,None
147,174,0,167,7,1,0,174,95.97701149425288,FALSE,0,0,[],0,None
148,174,0,165,9,1,0,174,94.82758620689656,FALSE,0,0,[],0,None
149,174,0,161,13,1,0,174,92.52873563218391,FALSE,0,0,[],0,None
150,174,0,161,13,1,0,174,92.52873563218391,FALSE,0,0,[],0,None
151,174,0,162,12,1,0,174,93.10344827586206,FALSE,0,0,[],0,None
152,174,10,156,8,1,0,164,95.12195122,FALSE,0,0,[],0,None
153,174,0,163,11,1,0,174,93.67816091954023,FALSE,0,0,[],0,None
154,174,0,164,10,1,0,174,94.25287356321839,FALSE,0,0,[],0,None
155,174,0,167,7,1,0,174,95.97701149425288,FALSE,0,0,[],0,None
156,174,0,171,3,1,0,174,98.27586206896552,FALSE,0,0,[],0,None
157,174,0,166,8,1,0,174,95.40229885057471,FALSE,0,0,[],0,None
158,174,0,165,9,1,0,174,94.82758620689656,FALSE,0,0,[],0,None
159,174,0,167,7,1,0,174,95.97701149425288,FALSE,0,0,[],0,None
160,172,0,165,7,1,0,172,95.93023255813954,FALSE,0,0,[],0,None
161,172,0,166,6,1,0,172,96.51162790697674,FALSE,0,0,[],0,None
162,172,0,165,7,1,0,172,95.93023255813954,FALSE,0,0,[],0,None
163,172,0,166,6,1,0,172,96.51162790697674,FALSE,0,0,[],0,None
164,174,0,168,6,1,0,174,96.55172413793103,FALSE,0,0,[],0,None
165,174,0,164,10,1,0,174,94.25287356321839,FALSE,0,0,[],0,None
166,175,0,165,10,1,0,175,94.28571428571429,FALSE,0,0,[],0,None
167,175,0,160,15,1,0,175,91.42857142857143,FALSE,0,0,[],0,None
168,175,0,163,12,1,0,175,93.14285714285714,FALSE,0,0,[],0,None
169,175,0,161,14,1,0,175,92,FALSE,0,0,[],0,None
170,175,0,166,9,1,0,175,94.85714285714286,FALSE,0,0,[],0,None
171,174,0,163,11,1,0,174,93.67816091954023,FALSE,0,0,[],0,None
172,174,0,156,18,1,0,174,89.65517241379311,FALSE,0,0,[],0,None
173,174,0,163,11,1,0,174,93.67816091954023,FALSE,0,0,[],0,None
174,174,0,153,21,1,0,174,87.93103448275862,FALSE,0,0,[],0,None
175,174,0,147,27,1,0,174,84.48275862068965,FALSE,0,0,[],0,None
176,174,0,153,21,1,0,174,87.93103448275862,FALSE,0,0,[],0,None
177,174,0,137,37,1,0,174,78.73563218390805,FALSE,0,0,[],0,None
178,174,0,129,45,1,0,174,74.13793103448276,FALSE,0,0,[],0,None
179,243,0,222,21,1,0,243,91.35802469135803,FALSE,0,0,[],0,None
180,244,0,221,23,1,0,244,90.57377049180327,FALSE,0,0,[],0,None
181,246,0,232,14,1,0,246,94.30894309,FALSE,0,0,[],0,None
182,244,0,231,13,1,0,244,94.67213114754098,FALSE,0,0,[],0,None
183,246,0,234,12,1,0,246,95.12195122,FALSE,0,0,[],0,None
184,247,0,239,8,1,0,247,96.76113360323886,FALSE,0,0,[],0,None
185,247,0,233,14,1,0,247,94.33198380566802,FALSE,0,0,[],0,None
186,247,0,231,16,1,0,247,93.52226720647774,FALSE,0,0,[],0,None
187,248,0,231,17,1,0,248,93.14516129032258,FALSE,0,0,[],0,None
188,249,0,231,18,1,0,249,92.77108434,FALSE,0,0,[],0,None
189,249,0,237,12,1,0,249,95.18072289156626,FALSE,0,0,[],0,None
190,249,0,232,17,1,0,249,93.17269076,FALSE,0,0,[],0,None
191,249,0,232,17,1,0,249,93.17269076,FALSE,0,0,[],0,None
192,249,0,243,6,1,0,249,97.59036144578313,FALSE,0,0,[],0,None
193,249,0,230,19,1,0,249,92.36947791164658,FALSE,0,0,[],0,None
194,248,0,237,11,1,0,248,95.56451612903226,FALSE,0,0,[],0,None
195,248,0,241,7,1,0,248,97.17741935,FALSE,0,0,[],0,None
196,248,247,1,0,1,0,1,100,FALSE,0,0,[],0,None
197,248,0,147,101,1,0,248,59.274193548387096,FALSE,0,0,[],0,None
198,249,0,223,26,1,0,249,89.55823293,FALSE,0,0,[],0,None
199,249,0,239,10,1,0,249,95.98393574,FALSE,0,0,[],0,None
200,249,0,240,9,1,0,249,96.38554217,FALSE,0,0,[],0,None
201,249,0,236,13,1,0,249,94.77911646586345,FALSE,0,0,[],0,None
202,249,0,229,20,1,0,249,91.96787148594377,FALSE,0,0,[],0,None
203,249,0,231,18,1,0,249,92.77108434,FALSE,0,0,[],0,None
204,249,0,237,12,1,0,249,95.18072289156626,FALSE,0,0,[],0,None
205,249,0,240,9,1,0,249,96.38554217,FALSE,0,0,[],0,None
206,249,0,238,11,1,0,249,95.58232931726907,FALSE,0,0,[],0,None
207,249,0,232,17,1,0,249,93.17269076,FALSE,0,0,[],0,None
208,249,0,228,21,1,0,249,91.56626506024097,FALSE,0,0,[],0,None
209,249,0,238,11,1,0,249,95.58232931726907,FALSE,0,0,[],0,None
210,249,0,237,12,1,0,249,95.18072289156626,FALSE,0,0,[],0,None
211,249,0,239,10,1,0,249,95.98393574,FALSE,0,0,[],0,None
212,249,0,227,22,1,0,249,91.16465863453816,FALSE,0,0,[],0,None
213,249,0,225,24,1,0,249,90.36144578313252,FALSE,0,0,[],0,None
214,249,0,234,15,1,0,249,93.97590361445783,FALSE,0,0,[],0,None
215,249,0,233,16,1,0,249,93.57429718875503,FALSE,0,0,[],0,None
216,249,0,227,22,1,0,249,91.16465863453816,FALSE,0,0,[],0,None
217,249,0,235,14,1,0,249,94.37751004016064,FALSE,0,0,[],0,None
218,249,0,229,20,1,0,249,91.96787148594377,FALSE,0,0,[],0,None
219,249,0,239,10,1,0,249,95.98393574,FALSE,0,0,[],0,None
220,249,1,240,8,1,0,248,96.77419355,FALSE,0,0,[],0,None
221,249,0,227,22,1,0,249,91.16465863453816,FALSE,0,0,[],0,None
222,249,0,225,24,1,0,249,90.36144578313252,FALSE,0,0,[],0,None
223,250,0,238,12,1,0,250,95.2,FALSE,0,0,[],0,None
224,250,0,174,76,1,0,250,69.6,FALSE,0,0,[],0,None
225,250,0,204,46,1,0,250,81.6,FALSE,0,0,[],0,None
226,249,0,240,9,1,0,249,96.38554217,FALSE,0,0,[],0,None
227,249,0,237,12,1,0,249,95.18072289156626,FALSE,0,0,[],0,None
228,249,0,218,31,1,0,249,87.55020080321285,FALSE,0,0,[],0,None
229,250,0,232,18,1,0,250,92.8,FALSE,0,0,[],0,None
230,251,0,237,14,1,0,251,94.42231075697211,FALSE,0,0,[],0,None
231,251,0,234,17,1,0,251,93.22709163346613,FALSE,0,0,[],0,None
232,251,0,240,11,1,0,251,95.61752988047809,FALSE,0,0,[],0,None
233,251,0,222,29,1,0,251,88.44621513944223,FALSE,0,0,[],0,None
234,254,0,233,21,1,0,254,91.73228346456693,FALSE,0,0,[],0,None
235,254,1,227,26,1,0,253,89.72332015810277,FALSE,0,0,[],0,None
236,254,0,242,12,1,0,254,95.27559055,FALSE,0,0,[],0,None
237,254,0,241,13,1,0,254,94.88188976377953,FALSE,0,0,[],0,None
238,254,0,234,20,1,0,254,92.12598425,FALSE,0,0,[],0,None
239,254,0,225,29,1,0,254,88.58267716535433,FALSE,0,0,[],0,None
240,254,0,233,21,1,0,254,91.73228346456693,FALSE,0,0,[],0,None
241,255,0,242,13,1,0,255,94.90196078431373,FALSE,0,0,[],0,None
242,255,0,245,10,1,0,255,96.07843137254902,FALSE,0,0,[],0,None
243,255,0,243,12,1,0,255,95.29411764705883,FALSE,0,0,[],0,None
244,255,0,227,28,1,0,255,89.01960784313725,FALSE,0,0,[],0,None
245,255,0,236,19,1,0,255,92.54901960784314,FALSE,0,0,[],0,None
246,255,0,234,21,1,0,255,91.76470588235294,FALSE,0,0,[],0,None
247,255,0,237,18,1,0,255,92.94117647058823,FALSE,0,0,[],0,None
248,255,0,222,33,1,0,255,87.05882352941177,FALSE,0,0,[],0,None
249,256,0,223,33,1,0,256,87.109375,FALSE,0,0,[],0,None
250,256,0,234,22,1,0,256,91.40625,FALSE,0,0,[],0,None
251,256,0,231,25,1,0,256,90.234375,FALSE,0,0,[],0,None
252,256,0,226,30,1,0,256,88.28125,FALSE,0,0,[],0,None
253,256,0,227,29,1,0,256,88.671875,FALSE,0,0,[],0,None
254,256,0,236,20,1,0,256,92.1875,FALSE,0,0,[],0,None
255,256,0,241,15,1,0,256,94.140625,FALSE,0,0,[],0,None
256,256,0,225,31,1,0,256,87.890625,FALSE,0,0,[],0,None
257,256,0,234,22,1,0,256,91.40625,FALSE,0,0,[],0,None
258,256,0,233,23,1,0,256,91.015625,FALSE,0,0,[],0,None
259,256,0,234,22,1,0,256,91.40625,FALSE,0,0,[],0,None
260,256,0,238,18,1,0,256,92.96875,FALSE,0,0,[],0,None
261,256,0,214,42,1,0,256,83.59375,FALSE,0,0,[],0,None
262,255,0,222,33,1,0,255,87.05882352941177,FALSE,0,0,[],0,None
263,255,0,230,25,1,0,255,90.19607843137256,FALSE,0,0,[],0,None
264,255,0,238,17,1,0,255,93.33333333333333,FALSE,0,0,[],0,None
265,255,0,232,23,1,0,255,90.98039215686275,FALSE,0,0,[],0,None
266,255,0,235,20,1,0,255,92.15686274509804,FALSE,0,0,[],0,None
267,253,0,236,17,1,0,253,93.28063241106719,FALSE,0,0,[],0,None
268,253,0,228,25,1,0,253,90.11857707509881,FALSE,0,0,[],0,None
269,253,11,136,106,1,0,242,56.19834710743802,FALSE,0,0,[],0,None
270,253,0,223,30,1,0,253,88.14229249011858,FALSE,0,0,[],0,None
271,255,0,238,17,1,0,255,93.33333333333333,FALSE,0,0,[],0,None
272,255,0,245,10,1,0,255,96.07843137254902,FALSE,0,0,[],0,None
273,255,0,235,20,1,0,255,92.15686274509804,FALSE,0,0,[],0,None
274,255,0,235,20,1,0,255,92.15686274509804,FALSE,0,0,[],0,None
275,255,0,236,19,1,0,255,92.54901960784314,FALSE,0,0,[],0,None
276,255,0,219,36,1,0,255,85.88235294117646,FALSE,0,0,[],0,None
277,255,0,235,20,1,0,255,92.15686274509804,FALSE,0,0,[],0,None
278,255,0,237,18,1,0,255,92.94117647058823,FALSE,0,0,[],0,None
279,255,0,225,30,1,0,255,88.23529411764706,FALSE,0,0,[],0,None
280,255,0,227,28,1,0,255,89.01960784313725,FALSE,0,0,[],0,None
281,256,0,234,22,1,0,256,91.40625,FALSE,0,0,[],0,None
282,256,0,236,20,1,0,256,92.1875,FALSE,0,0,[],0,None
283,256,0,237,19,1,0,256,92.578125,FALSE,0,0,[],0,None
284,256,0,229,27,1,0,256,89.453125,FALSE,0,0,[],0,None
285,256,0,233,23,1,0,256,91.015625,FALSE,0,0,[],0,None
286,256,0,233,23,1,0,256,91.015625,FALSE,0,0,[],0,None
287,258,0,231,27,1,0,258,89.53488372093024,FALSE,0,0,[],0,None
288,257,0,238,19,1,0,257,92.60700389105058,FALSE,0,0,[],0,None
289,256,0,233,23,1,0,256,91.015625,FALSE,0,0,[],0,None
290,256,0,241,15,1,0,256,94.140625,FALSE,0,0,[],0,None
291,256,0,238,18,1,0,256,92.96875,FALSE,0,0,[],0,None
292,256,0,174,82,1,0,256,67.96875,FALSE,0,0,[],0,None
293,256,0,236,20,1,0,256,92.1875,FALSE,0,0,[],0,None
294,255,0,237,18,1,0,255,92.94117647058823,FALSE,0,0,[],0,None
295,255,0,242,13,1,0,255,94.90196078431373,FALSE,0,0,[],0,None
296,255,0,238,17,1,0,255,93.33333333333333,FALSE,0,0,[],0,None
297,255,0,237,18,1,0,255,92.94117647058823,FALSE,0,0,[],0,None
298,255,0,222,33,1,0,255,87.05882352941177,FALSE,0,0,[],0,None
299,255,0,232,23,1,0,255,90.98039215686275,FALSE,0,0,[],0,None
300,255,0,240,15,1,0,255,94.11764705882354,FALSE,0,0,[],0,None
301,255,0,234,21,1,0,255,91.76470588235294,FALSE,0,0,[],0,None
302,255,0,243,12,1,0,255,95.29411764705883,FALSE,0,0,[],0,None
303,255,0,234,21,1,0,255,91.76470588235294,FALSE,0,0,[],0,None
304,255,0,240,15,1,0,255,94.11764705882354,FALSE,0,0,[],0,None
305,255,0,240,15,1,0,255,94.11764705882354,FALSE,0,0,[],0,None
306,255,0,239,16,1,0,255,93.72549019607843,FALSE,0,0,[],0,None
307,255,0,237,18,1,0,255,92.94117647058823,FALSE,0,0,[],0,None
308,255,0,235,20,1,0,255,92.15686274509804,FALSE,0,0,[],0,None
309,255,0,232,23,1,0,255,90.98039215686275,FALSE,0,0,[],0,None
310,255,0,234,21,1,0,255,91.76470588235294,FALSE,0,0,[],0,None
311,255,0,240,15,1,0,255,94.11764705882354,FALSE,0,0,[],0,None
312,255,0,242,13,1,0,255,94.90196078431373,FALSE,0,0,[],0,None
313,255,0,230,25,1,0,255,90.19607843137256,FALSE,0,0,[],0,None
314,255,0,234,21,1,0,255,91.76470588235294,FALSE,0,0,[],0,None
315,255,0,239,16,1,0,255,93.72549019607843,FALSE,0,0,[],0,None
316,255,0,240,15,1,0,255,94.11764705882354,FALSE,0,0,[],0,None
317,255,0,228,27,1,0,255,89.41176470588235,FALSE,0,0,[],0,None
318,255,0,226,29,1,0,255,88.62745098039215,FALSE,0,0,[],0,None
319,254,0,240,14,1,0,254,94.48818897637796,FALSE,0,0,[],0,None
320,254,0,236,18,1,0,254,92.91338582677166,FALSE,0,0,[],0,None
321,254,0,237,17,1,0,254,93.30708661417323,FALSE,0,0,[],0,None
322,254,0,230,24,1,0,254,90.55118110236221,FALSE,0,0,[],0,None
323,254,0,231,23,1,0,254,90.94488188976378,FALSE,0,0,[],0,None
324,254,0,236,18,1,0,254,92.91338582677166,FALSE,0,0,[],0,None
325,254,0,241,13,1,0,254,94.88188976377953,FALSE,0,0,[],0,None
326,254,0,238,16,1,0,254,93.7007874,FALSE,0,0,[],0,None
327,254,0,228,26,1,0,254,89.76377952755905,FALSE,0,0,[],0,None
328,254,0,223,31,1,0,254,87.79527559055119,FALSE,0,0,[],0,None
329,254,0,242,12,1,0,254,95.27559055,FALSE,0,0,[],0,None
330,254,11,231,12,1,0,243,95.06172839506173,FALSE,0,0,[],0,None
331,254,0,232,22,1,0,254,91.33858267716535,FALSE,0,0,[],0,None
332,254,0,222,32,1,0,254,87.4015748,FALSE,0,0,[],0,None
333,254,0,236,18,1,0,254,92.91338582677166,FALSE,0,0,[],0,None
334,254,0,235,19,1,0,254,92.51968503937007,FALSE,0,0,[],0,None
335,254,0,238,16,1,0,254,93.7007874,FALSE,0,0,[],0,None
336,253,0,231,22,1,0,253,91.30434782608695,FALSE,0,0,[],0,None
337,253,0,220,33,1,0,253,86.95652173913044,FALSE,0,0,[],0,None
338,253,0,237,16,1,0,253,93.67588932806323,FALSE,0,0,[],0,None
339,253,0,234,19,1,0,253,92.49011858,FALSE,0,0,[],0,None
340,253,0,242,11,1,0,253,95.65217391304348,FALSE,0,0,[],0,None
341,253,0,231,22,1,0,253,91.30434782608695,FALSE,0,0,[],0,None
342,253,0,224,29,1,0,253,88.53754940711462,FALSE,0,0,[],0,None
343,253,0,237,16,1,0,253,93.67588932806323,FALSE,0,0,[],0,None
344,253,0,229,24,1,0,253,90.51383399209486,FALSE,0,0,[],0,None
345,253,0,224,29,1,0,253,88.53754940711462,FALSE,0,0,[],0,None
346,253,0,230,23,1,0,253,90.90909091,FALSE,0,0,[],0,None
347,253,0,227,26,1,0,253,89.72332015810277,FALSE,0,0,[],0,None
348,253,0,219,34,1,0,253,86.56126482213439,FALSE,0,0,[],0,None
349,253,0,225,28,1,0,253,88.93280632411067,FALSE,0,0,[],0,None
350,253,0,222,31,1,0,253,87.74703557312253,FALSE,0,0,[],0,None
351,253,0,222,31,1,0,253,87.74703557312253,FALSE,0,0,[],0,None
352,253,0,219,34,1,0,253,86.56126482213439,FALSE,0,0,[],0,None
353,253,0,202,51,1,0,253,79.84189723320158,FALSE,0,0,[],0,None
354,253,0,195,58,1,0,253,77.07509881422925,FALSE,0,0,[],0,None
355,253,0,198,55,1,0,253,78.26086956521739,FALSE,0,0,[],0,None
356,253,0,174,79,1,0,253,68.77470355731225,FALSE,0,0,[],0,None
357,483,0,445,38,1,0,483,92.13250517598344,FALSE,0,0,[],0,None
358,485,0,459,26,1,0,485,94.63917525773196,FALSE,0,0,[],0,None
359,482,0,450,32,1,0,482,93.36099585,FALSE,0,0,[],0,None
360,481,0,464,17,1,0,481,96.46569646569647,FALSE,0,0,[],0,None
361,479,0,463,16,1,0,479,96.65970772442589,FALSE,0,0,[],0,None
362,480,0,451,29,1,0,480,93.95833333333333,FALSE,0,0,[],0,None
363,482,0,455,27,1,0,482,94.39834024896265,FALSE,0,0,[],0,None
364,483,0,462,21,1,0,483,95.65217391304348,FALSE,0,0,[],0,None
365,485,0,460,25,1,0,485,94.84536082474227,FALSE,0,0,[],0,None
366,486,0,460,26,1,0,486,94.65020576131687,FALSE,0,0,[],0,None
367,487,0,463,24,1,0,487,95.07186858316221,FALSE,0,0,[],0,None
368,487,0,437,50,1,0,487,89.73305954825462,FALSE,0,0,[],0,None
369,487,0,463,24,1,0,487,95.07186858316221,FALSE,0,0,[],0,None
370,487,0,459,28,1,0,487,94.25051334702259,FALSE,0,0,[],0,None
371,486,0,461,25,1,0,486,94.85596708,FALSE,0,0,[],0,None
372,483,0,455,28,1,0,483,94.20289855072464,FALSE,0,0,[],0,None
373,482,0,461,21,1,0,482,95.64315352697095,FALSE,0,0,[],0,None
374,482,0,462,20,1,0,482,95.85062241,FALSE,0,0,[],0,None
375,483,0,449,34,1,0,483,92.96066252587991,FALSE,0,0,[],0,None
376,482,0,449,33,1,0,482,93.15352697095436,FALSE,0,0,[],0,None
377,481,0,458,23,1,0,481,95.21829521829522,FALSE,0,0,[],0,None
378,483,0,452,31,1,0,483,93.58178053830228,FALSE,0,0,[],0,None
379,482,0,445,37,1,0,482,92.32365145228216,FALSE,0,0,[],0,None
380,482,0,435,47,1,0,482,90.24896265560166,FALSE,0,0,[],0,None
381,483,0,458,25,1,0,483,94.82401656,FALSE,0,0,[],0,None
382,483,0,458,25,1,0,483,94.82401656,FALSE,0,0,[],0,None
383,483,0,444,39,1,0,483,91.92546583850931,FALSE,0,0,[],0,None
384,483,0,437,46,1,0,483,90.47619047619048,FALSE,0,0,[],0,None
385,483,0,451,32,1,0,483,93.37474120082815,FALSE,0,0,[],0,None
386,484,0,452,32,1,0,484,93.38842975206612,FALSE,0,0,[],0,None
387,482,0,454,28,1,0,482,94.19087136929461,FALSE,0,0,[],0,None
388,482,0,456,26,1,0,482,94.60580912863071,FALSE,0,0,[],0,None
389,482,0,463,19,1,0,482,96.05809128630706,FALSE,0,0,[],0,None
390,482,0,446,36,1,0,482,92.53112033,FALSE,0,0,[],0,None
391,483,0,449,34,1,0,483,92.96066252587991,FALSE,0,0,[],0,None
392,481,0,448,33,1,0,481,93.13929313929314,FALSE,0,0,[],0,None
393,481,0,445,36,1,0,481,92.51559251559252,FALSE,0,0,[],0,None
394,481,0,441,40,1,0,481,91.68399168399168,FALSE,0,0,[],0,None
395,482,0,439,43,1,0,482,91.07883817427386,FALSE,0,0,[],0,None
396,482,0,451,31,1,0,482,93.56846473029046,FALSE,0,0,[],0,None
397,483,0,459,24,1,0,483,95.03105590062111,FALSE,0,0,[],0,None
398,483,0,450,33,1,0,483,93.16770186335404,FALSE,0,0,[],0,None
399,484,0,455,29,1,0,484,94.00826446280992,FALSE,0,0,[],0,None
400,482,0,446,36,1,0,482,92.53112033,FALSE,0,0,[],0,None
401,482,0,458,24,1,0,482,95.02074688796681,FALSE,0,0,[],0,None
402,482,0,383,99,1,0,482,79.46058091286307,FALSE,0,0,[],0,None
403,482,0,407,75,1,0,482,84.43983402489627,FALSE,0,0,[],0,None
404,482,0,451,31,1,0,482,93.56846473029046,FALSE,0,0,[],0,None
405,482,0,452,30,1,0,482,93.77593361,FALSE,0,0,[],0,None
406,482,0,436,46,1,0,482,90.45643153526972,FALSE,0,0,[],0,None
407,484,0,455,29,1,0,484,94.00826446280992,FALSE,0,0,[],0,None
408,484,0,456,28,1,0,484,94.21487603305785,FALSE,0,0,[],0,None
409,484,0,453,31,1,0,484,93.59504132231405,FALSE,0,0,[],0,None
410,484,0,451,33,1,0,484,93.18181818181819,FALSE,0,0,[],0,None
411,483,0,452,31,1,0,483,93.58178053830228,FALSE,0,0,[],0,None
412,483,0,451,32,1,0,483,93.37474120082815,FALSE,0,0,[],0,None
413,483,0,452,31,1,0,483,93.58178053830228,FALSE,0,0,[],0,None
414,483,0,455,28,1,0,483,94.20289855072464,FALSE,0,0,[],0,None
415,483,0,461,22,1,0,483,95.44513457556936,FALSE,0,0,[],0,None
416,483,0,434,49,1,0,483,89.85507246376811,FALSE,0,0,[],0,None
417,483,0,449,34,1,0,483,92.96066252587991,FALSE,0,0,[],0,None
418,483,0,457,26,1,0,483,94.61697722567288,FALSE,0,0,[],0,None
419,483,0,455,28,1,0,483,94.20289855072464,FALSE,0,0,[],0,None
420,483,0,439,44,1,0,483,90.89026915113871,FALSE,0,0,[],0,None
421,483,0,433,50,1,0,483,89.64803313,FALSE,0,0,[],0,None
422,483,0,452,31,1,0,483,93.58178053830228,FALSE,0,0,[],0,None
423,483,0,449,34,1,0,483,92.96066252587991,FALSE,0,0,[],0,None
424,485,0,447,38,1,0,485,92.16494845360825,FALSE,0,0,[],0,None
425,485,0,447,38,1,0,485,92.16494845360825,FALSE,0,0,[],0,None
426,485,0,423,62,1,0,485,87.21649484536083,FALSE,0,0,[],0,None
427,486,0,421,65,1,0,486,86.62551440329219,FALSE,0,0,[],0,None
428,486,0,443,43,1,0,486,91.15226337,FALSE,0,0,[],0,None
429,485,0,434,51,1,0,485,89.48453608247422,FALSE,0,0,[],0,None
430,483,0,452,31,1,0,483,93.58178053830228,FALSE,0,0,[],0,None
431,482,0,446,36,1,0,482,92.53112033,FALSE,0,0,[],0,None
432,482,0,457,25,1,0,482,94.81327800829875,FALSE,0,0,[],0,None
433,483,0,432,51,1,0,483,89.44099378881988,FALSE,0,0,[],0,None
434,484,0,431,53,1,0,484,89.04958678,FALSE,0,0,[],0,None
435,485,0,445,40,1,0,485,91.75257731958763,FALSE,0,0,[],0,None
436,485,0,453,32,1,0,485,93.40206186,FALSE,0,0,[],0,None
437,485,0,457,28,1,0,485,94.22680412371135,FALSE,0,0,[],0,None
438,485,0,449,36,1,0,485,92.57731958762886,FALSE,0,0,[],0,None
439,485,0,420,65,1,0,485,86.59793814,FALSE,0,0,[],0,None
440,485,0,425,60,1,0,485,87.62886597938144,FALSE,0,0,[],0,None
441,485,0,458,27,1,0,485,94.43298969072166,FALSE,0,0,[],0,None
442,485,0,437,48,1,0,485,90.10309278350516,FALSE,0,0,[],0,None
443,485,0,439,46,1,0,485,90.51546391752578,FALSE,0,0,[],0,None
444,485,0,453,32,1,0,485,93.40206186,FALSE,0,0,[],0,None
445,485,0,453,32,1,0,485,93.40206186,FALSE,0,0,[],0,None
446,484,0,446,38,1,0,484,92.14876033057851,FALSE,0,0,[],0,None
447,482,0,312,170,1,0,482,64.73029045643153,FALSE,0,0,[],0,None
448,482,0,428,54,1,0,482,88.79668049792531,FALSE,0,0,[],0,None
449,480,0,433,47,1,0,480,90.20833333333333,FALSE,0,0,[],0,None
450,480,0,452,28,1,0,480,94.16666666666667,FALSE,0,0,[],0,None
451,480,0,448,32,1,0,480,93.33333333333333,FALSE,0,0,[],0,None
452,482,0,443,39,1,0,482,91.90871369294605,FALSE,0,0,[],0,None
453,482,0,439,43,1,0,482,91.07883817427386,FALSE,0,0,[],0,None
454,481,0,410,71,1,0,481,85.23908523908524,FALSE,0,0,[],0,None
455,481,0,442,39,1,0,481,91.89189189189189,FALSE,0,0,[],0,None
456,481,0,458,23,1,0,481,95.21829521829522,FALSE,0,0,[],0,None
457,481,0,436,45,1,0,481,90.64449064449065,FALSE,0,0,[],0,None
458,481,0,445,36,1,0,481,92.51559251559252,FALSE,0,0,[],0,None
459,481,0,442,39,1,0,481,91.89189189189189,FALSE,0,0,[],0,None
460,480,0,451,29,1,0,480,93.95833333333333,FALSE,0,0,[],0,None
461,479,0,451,28,1,0,479,94.15448852,FALSE,0,0,[],0,None
462,479,0,426,53,1,0,479,88.93528183716076,FALSE,0,0,[],0,None
463,479,0,438,41,1,0,479,91.44050104384134,FALSE,0,0,[],0,None
464,479,0,445,34,1,0,479,92.90187891440502,FALSE,0,0,[],0,None
465,479,0,446,33,1,0,479,93.11064718,FALSE,0,0,[],0,None
466,479,0,443,36,1,0,479,92.48434237995825,FALSE,0,0,[],0,None
467,479,0,448,31,1,0,479,93.52818371607516,FALSE,0,0,[],0,None
468,479,0,452,27,1,0,479,94.36325678496868,FALSE,0,0,[],0,None
469,479,0,435,44,1,0,479,90.81419624217119,FALSE,0,0,[],0,None
470,478,0,387,91,1,0,478,80.9623431,FALSE,0,0,[],0,None
471,478,0,456,22,1,0,478,95.39748953974896,FALSE,0,0,[],0,None
472,478,0,449,29,1,0,478,93.93305439330544,FALSE,0,0,[],0,None
473,477,0,445,32,1,0,477,93.29140461215933,FALSE,0,0,[],0,None
474,478,0,449,29,1,0,478,93.93305439330544,FALSE,0,0,[],0,None
475,477,0,442,35,1,0,477,92.66247379454927,FALSE,0,0,[],0,None
476,476,0,425,51,1,0,476,89.28571428571429,FALSE,0,0,[],0,None
477,475,0,452,23,1,0,475,95.15789473684211,FALSE,0,0,[],0,None
478,475,0,450,25,1,0,475,94.73684210526316,FALSE,0,0,[],0,None
479,475,0,440,35,1,0,475,92.63157894736842,FALSE,0,0,[],0,None
480,475,0,452,23,1,0,475,95.15789473684211,FALSE,0,0,[],0,None
481,475,0,452,23,1,0,475,95.15789473684211,FALSE,0,0,[],0,None
482,475,0,450,25,1,0,475,94.73684210526316,FALSE,0,0,[],0,None
483,474,0,456,18,1,0,474,96.20253164556962,FALSE,0,0,[],0,None
484,475,0,455,20,1,0,475,95.78947368421052,FALSE,0,0,[],0,None
485,475,0,442,33,1,0,475,93.05263157894737,FALSE,0,0,[],0,None
486,475,0,446,29,1,0,475,93.89473684210526,FALSE,0,0,[],0,None
487,476,0,446,30,1,0,476,93.69747899159664,FALSE,0,0,[],0,None
488,476,0,450,26,1,0,476,94.53781512605042,FALSE,0,0,[],0,None
489,476,0,452,24,1,0,476,94.95798319327731,FALSE,0,0,[],0,None
490,477,0,447,30,1,0,477,93.71069182389937,FALSE,0,0,[],0,None
491,477,0,439,38,1,0,477,92.03354298,FALSE,0,0,[],0,None
492,477,0,431,46,1,0,477,90.35639412997904,FALSE,0,0,[],0,None
493,477,0,440,37,1,0,477,92.24318658280923,FALSE,0,0,[],0,None
494,478,0,442,36,1,0,478,92.46861924686192,FALSE,0,0,[],0,None
495,478,0,432,46,1,0,478,90.37656904,FALSE,0,0,[],0,None
496,480,0,441,39,1,0,480,91.875,FALSE,0,0,[],0,None
497,480,0,452,28,1,0,480,94.16666666666667,FALSE,0,0,[],0,None
498,480,0,458,22,1,0,480,95.41666666666667,FALSE,0,0,[],0,None
499,480,0,459,21,1,0,480,95.625,FALSE,0,0,[],0,None
500,480,0,437,43,1,0,480,91.04166666666667,FALSE,0,0,[],0,None
501,481,0,459,22,1,0,481,95.42619542619542,FALSE,0,0,[],0,None
502,480,0,459,21,1,0,480,95.625,FALSE,0,0,[],0,None
503,480,0,451,29,1,0,480,93.95833333333333,FALSE,0,0,[],0,None
504,480,0,458,22,1,0,480,95.41666666666667,FALSE,0,0,[],0,None
505,480,0,443,37,1,0,480,92.29166666666667,FALSE,0,0,[],0,None
506,480,0,435,45,1,0,480,90.625,FALSE,0,0,[],0,None
507,480,0,437,43,1,0,480,91.04166666666667,FALSE,0,0,[],0,None
508,480,0,453,27,1,0,480,94.375,FALSE,0,0,[],0,None
509,480,0,446,34,1,0,480,92.91666666666667,FALSE,0,0,[],0,None
510,480,0,430,50,1,0,480,89.58333333333333,FALSE,0,0,[],0,None
511,481,0,455,26,1,0,481,94.59459459,FALSE,0,0,[],0,None
512,481,0,445,36,1,0,481,92.51559251559252,FALSE,0,0,[],0,None
513,481,0,459,22,1,0,481,95.42619542619542,FALSE,0,0,[],0,None
514,481,0,430,51,1,0,481,89.3970894,FALSE,0,0,[],0,None
515,481,0,442,39,1,0,481,91.89189189189189,FALSE,0,0,[],0,None
516,481,0,425,56,1,0,481,88.35758835758836,FALSE,0,0,[],0,None
517,481,0,449,32,1,0,481,93.34719334719335,FALSE,0,0,[],0,None
518,481,0,441,40,1,0,481,91.68399168399168,FALSE,0,0,[],0,None
519,480,0,435,45,1,0,480,90.625,FALSE,0,0,[],0,None
520,480,0,445,35,1,0,480,92.70833333333333,FALSE,0,0,[],0,None
521,480,0,440,40,1,0,480,91.66666666666667,FALSE,0,0,[],0,None
522,480,0,424,56,1,0,480,88.33333333333333,FALSE,0,0,[],0,None
523,482,0,427,55,1,0,482,88.58921161825727,FALSE,0,0,[],0,None
524,482,0,459,23,1,0,482,95.22821576763485,FALSE,0,0,[],0,None
525,482,0,430,52,1,0,482,89.21161826,FALSE,0,0,[],0,None
526,482,0,430,52,1,0,482,89.21161826,FALSE,0,0,[],0,None
527,481,0,444,37,1,0,481,92.30769231,FALSE,0,0,[],0,None
528,481,0,431,50,1,0,481,89.60498960498961,FALSE,0,0,[],0,None
529,481,0,433,48,1,0,481,90.02079002079002,FALSE,0,0,[],0,None
530,481,0,422,59,1,0,481,87.73388773388774,FALSE,0,0,[],0,None
531,481,0,391,90,1,0,481,81.28898128898129,FALSE,0,0,[],0,None
532,481,0,386,95,1,0,481,80.24948024948024,FALSE,0,0,[],0,None
533,481,0,362,119,1,0,481,75.25987525987526,FALSE,0,0,[],0,None
534,481,0,368,113,1,0,481,76.50727651,FALSE,0,0,[],0,None
535,308,0,249,59,1,0,308,80.84415584415585,FALSE,0,0,[],0,None
536,312,0,276,36,1,0,312,88.46153846153847,FALSE,0,0,[],0,None
537,312,0,277,35,1,0,312,88.78205128205128,FALSE,0,0,[],0,None
538,314,0,294,20,1,0,314,93.63057324840764,FALSE,0,0,[],0,None
539,312,0,277,35,1,0,312,88.78205128205128,FALSE,0,0,[],0,None
540,312,0,286,26,1,0,312,91.66666666666667,FALSE,0,0,[],0,None
541,307,0,282,25,1,0,307,91.85667752442997,FALSE,0,0,[],0,None
542,308,0,277,31,1,0,308,89.93506493506493,FALSE,0,0,[],0,None
543,308,0,281,27,1,0,308,91.23376623376623,FALSE,0,0,[],0,None
544,306,0,277,29,1,0,306,90.52287581699346,FALSE,0,0,[],0,None
545,305,0,279,26,1,0,305,91.47540983606558,FALSE,0,0,[],0,None
546,303,0,271,32,1,0,303,89.43894389438944,FALSE,0,0,[],0,None
547,303,0,274,29,1,0,303,90.42904290429043,FALSE,0,0,[],0,None
548,303,0,288,15,1,0,303,95.04950495049505,FALSE,0,0,[],0,None
549,303,0,259,44,1,0,303,85.47854785478548,FALSE,0,0,[],0,None
550,303,0,275,28,1,0,303,90.75907590759076,FALSE,0,0,[],0,None
551,306,0,281,25,1,0,306,91.83006535947712,FALSE,0,0,[],0,None
552,305,0,293,12,1,0,305,96.06557377049181,FALSE,0,0,[],0,None
553,305,15,278,12,1,0,290,95.86206896551724,FALSE,0,0,[],0,None
554,304,0,278,26,1,0,304,91.44736842105263,FALSE,0,0,[],0,None
555,304,0,275,29,1,0,304,90.46052631578948,FALSE,0,0,[],0,None
556,304,0,282,22,1,0,304,92.76315789473684,FALSE,0,0,[],0,None
557,304,0,284,20,1,0,304,93.42105263157895,FALSE,0,0,[],0,None
558,304,0,285,19,1,0,304,93.75,FALSE,0,0,[],0,None
559,304,0,276,28,1,0,304,90.78947368421052,FALSE,0,0,[],0,None
560,303,0,287,16,1,0,303,94.71947194719472,FALSE,0,0,[],0,None
561,303,0,282,21,1,0,303,93.06930693069307,FALSE,0,0,[],0,None
562,303,0,280,23,1,0,303,92.40924092409242,FALSE,0,0,[],0,None
563,303,0,282,21,1,0,303,93.06930693069307,FALSE,0,0,[],0,None
564,303,0,272,31,1,0,303,89.76897689768977,FALSE,0,0,[],0,None
565,303,0,282,21,1,0,303,93.06930693069307,FALSE,0,0,[],0,None
566,303,0,280,23,1,0,303,92.40924092409242,FALSE,0,0,[],0,None
567,303,0,285,18,1,0,303,94.05940594059406,FALSE,0,0,[],0,None
568,303,0,273,30,1,0,303,90.0990099,FALSE,0,0,[],0,None
569,304,0,273,31,1,0,304,89.80263157894737,FALSE,0,0,[],0,None
570,305,0,280,25,1,0,305,91.80327868852459,FALSE,0,0,[],0,None
571,305,0,260,45,1,0,305,85.24590163934427,FALSE,0,0,[],0,None
572,305,0,285,20,1,0,305,93.44262295081967,FALSE,0,0,[],0,None
573,305,0,274,31,1,0,305,89.83606557,FALSE,0,0,[],0,None
574,305,0,273,32,1,0,305,89.50819672131148,FALSE,0,0,[],0,None
575,305,0,285,20,1,0,305,93.44262295081967,FALSE,0,0,[],0,None
576,305,0,286,19,1,0,305,93.77049180327869,FALSE,0,0,[],0,None
577,305,0,269,36,1,0,305,88.19672131147541,FALSE,0,0,[],0,None
578,305,0,275,30,1,0,305,90.16393443,FALSE,0,0,[],0,None
579,305,0,284,21,1,0,305,93.11475409836065,FALSE,0,0,[],0,None
580,305,0,223,82,1,0,305,73.11475409836065,FALSE,0,0,[],0,None
581,305,0,248,57,1,0,305,81.31147540983606,FALSE,0,0,[],0,None
582,307,0,287,20,1,0,307,93.48534201954398,FALSE,0,0,[],0,None
583,307,0,290,17,1,0,307,94.46254071661238,FALSE,0,0,[],0,None
584,307,0,252,55,1,0,307,82.08469055374593,FALSE,0,0,[],0,None
585,307,0,282,25,1,0,307,91.85667752442997,FALSE,0,0,[],0,None
586,308,0,289,19,1,0,308,93.83116883116882,FALSE,0,0,[],0,None
587,308,0,287,21,1,0,308,93.18181818181819,FALSE,0,0,[],0,None
588,308,0,290,18,1,0,308,94.15584415584415,FALSE,0,0,[],0,None
589,308,1,283,24,1,0,307,92.18241042345277,FALSE,0,0,[],0,None
590,306,1,275,30,1,0,305,90.16393443,FALSE,0,0,[],0,None
591,306,0,275,31,1,0,306,89.86928104575163,FALSE,0,0,[],0,None
592,306,0,280,26,1,0,306,91.50326797385621,FALSE,0,0,[],0,None
593,307,0,280,27,1,0,307,91.20521172638436,FALSE,0,0,[],0,None
594,306,0,278,28,1,0,306,90.84967320261438,FALSE,0,0,[],0,None
595,306,0,281,25,1,0,306,91.83006535947712,FALSE,0,0,[],0,None
596,306,0,278,28,1,0,306,90.84967320261438,FALSE,0,0,[],0,None
597,306,0,278,28,1,0,306,90.84967320261438,FALSE,0,0,[],0,None
598,306,1,284,21,1,0,305,93.11475409836065,FALSE,0,0,[],0,None
599,306,1,284,21,1,0,305,93.11475409836065,FALSE,0,0,[],0,None
600,307,0,268,39,1,0,307,87.29641693811075,FALSE,0,0,[],0,None
